{
    "alpha0": 0.004602373275383293,
    "alpha1": 1.6896109125055188,
    "tau": 0.012440788006519104,
    "learning_rate": 0.0001435968522121922
}