{
    "alpha0": 0.03604742035646248,
    "target_entropy1": -9.734461905950898,
    "tau": 8.910313512070234e-05,
    "learning_rate": 0.0005680110760766951
}