{
    "tau": 0.3143822236379807,
    "learning_rate": 7.227658105394519e-05,
    "alpha0": 0.05413320369694484,
    "entropy_method1": "coefficient",
    "alpha1": 0.020709754482693517,
    "w_delta_t_ach": 2.2554846119988454
}