{
    "alpha0": 0.0010090475713801178,
    "entropy_method1": "target",
    "target_entropy1": -0.045676907152379265,
    "tau": 0.2030684125734452,
    "learning_rate": 0.00021467663668346432
}