{
    "alpha0": 0.004189083521541997,
    "alpha1": 1.1172711243974338,
    "tau": 0.021421017364015173,
    "learning_rate": 0.0001940204674106782,
    "w_delta_t_ach": 0.05323384864151526
}