{
    "alpha0": 0.000290525610826535,
    "tau": 0.0006278189122439302,
    "learning_rate": 6.912838713354646e-05,
    "target_entropy1": -10.018439493020761
}